round,num1,num2,num3,num4,num5,num6,bonus,draw_date
1178,5,6,11,27,43,44,2024-06-01
1177,3,7,15,16,19,43,2024-06-02
1176,7,9,11,21,30,35,2024-06-03
1175,3,4,6,8,32,42,2024-06-04
1174,8,11,14,17,36,39,2024-06-05
1173,1,5,18,20,30,35,2024-06-06
1172,7,9,24,40,42,44,2024-06-07
1171,3,6,7,11,12,17,2024-06-08
1170,3,13,28,34,38,42,2024-06-09
1169,5,12,24,26,39,42,2024-06-10
1168,9,21,24,30,33,37,2024-06-11
1167,8,23,31,35,39,40,2024-06-12
1166,14,23,25,27,29,42,2024-06-13
1165,6,7,27,29,38,45,2024-06-14
1164,17,18,23,25,38,39,2024-06-15
1163,2,13,15,16,33,43,2024-06-16
1162,20,21,22,25,28,29,2024-06-17
1161,2,12,20,24,34,42,2024-06-18
1160,7,13,18,36,39,45,2024-06-19
1159,3,9,27,28,38,39,2024-06-20
1158,21,25,27,32,37,38,2024-06-21
1157,5,7,12,20,25,26,2024-06-22
1156,30,31,34,39,41,45,2024-06-23
1155,10,13,19,27,37,38,2024-06-24
1154,4,8,22,26,32,35,2024-06-25
1153,1,9,10,13,35,44,2024-06-26
1152,30,31,32,35,36,37,2024-06-27
1151,2,3,9,15,27,29,2024-06-28
1150,8,9,18,35,39,45,2024-06-29
1149,8,15,19,21,32,36,2024-06-30
1148,3,6,13,15,16,22,2024-07-01
1147,7,11,24,26,27,37,2024-07-02
1146,6,11,17,19,40,43,2024-07-03
1145,2,11,31,33,37,44,2024-07-04
1144,3,4,12,15,26,34,2024-07-05
1143,10,16,17,27,28,36,2024-07-06
1142,2,8,28,30,37,41,2024-07-07
1141,7,11,12,21,26,35,2024-07-08
1140,7,10,22,29,31,38,2024-07-09
1139,5,12,15,30,37,40,2024-07-10
1138,14,16,19,20,29,34,2024-07-11
1137,4,9,12,15,33,45,2024-07-12
1136,21,33,35,38,42,44,2024-07-13
1135,1,6,13,19,21,33,2024-07-14
1134,3,7,9,13,19,24,2024-07-15
1133,13,14,20,28,29,34,2024-07-16
1132,6,7,19,28,34,41,2024-07-17
1131,1,2,6,14,27,38,2024-07-18
1130,15,19,21,25,27,28,2024-07-19
1129,5,10,11,17,28,34,2024-07-20
1128,1,5,8,16,28,33,2024-07-21
1127,10,15,24,30,31,37,2024-07-22
1126,4,5,9,11,37,40,2024-07-23
1125,6,14,25,33,40,44,2024-07-24
1124,3,8,17,30,33,34,2024-07-25
1123,13,19,21,24,34,35,2024-07-26
1122,3,6,21,30,34,35,2024-07-27
1121,6,24,31,32,38,44,2024-07-28
1120,2,19,26,31,38,41,2024-07-29
1119,1,9,12,13,20,45,2024-07-30
1118,11,13,14,15,16,45,2024-07-31
1117,3,4,9,30,33,36,2024-08-01
1116,15,16,17,25,30,31,2024-08-02
1115,7,12,23,32,34,36,2024-08-03
1114,10,16,19,32,33,38,2024-08-04
1113,11,13,20,21,32,44,2024-08-05
1112,16,20,26,36,42,44,2024-08-06
1111,3,13,30,33,43,45,2024-08-07
1110,3,7,11,20,22,41,2024-08-08
1109,10,12,13,19,33,40,2024-08-09
1108,7,19,26,37,39,44,2024-08-10
1107,6,14,30,31,40,41,2024-08-11
1106,1,3,4,29,42,45,2024-08-12
1105,6,16,34,37,39,40,2024-08-13
1104,1,7,21,30,35,38,2024-08-14
1103,10,12,29,31,40,44,2024-08-15
1102,13,14,22,26,37,38,2024-08-16
1101,6,7,13,28,36,42,2024-08-17
1100,17,26,29,30,31,43,2024-08-18
1099,3,20,28,38,40,43,2024-08-19
1098,12,16,21,24,41,43,2024-08-20
1097,14,33,34,35,37,40,2024-08-21
1096,1,12,16,19,23,43,2024-08-22
1095,8,14,28,29,34,40,2024-08-23
1094,6,7,15,22,26,40,2024-08-24
1093,10,17,22,30,35,43,2024-08-25
1092,7,18,19,26,33,45,2024-08-26
1091,6,20,23,24,28,30,2024-08-27
1090,12,19,21,29,40,45,2024-08-28
1089,4,18,31,37,42,43,2024-08-29
1088,11,21,22,30,39,44,2024-08-30
1087,13,14,18,21,34,44,2024-08-31
1086,11,16,25,27,35,36,2024-09-01
1085,4,7,17,18,38,44,2024-09-02
1084,8,12,13,29,33,42,2024-09-03
1083,3,7,14,15,22,38,2024-09-04
1082,21,26,27,32,34,42,2024-09-05
1081,1,9,16,23,24,38,2024-09-06
1080,13,16,23,31,36,44,2024-09-07
1079,4,8,18,24,37,45,2024-09-08
1078,6,10,11,14,36,38,2024-09-09
1077,4,8,17,30,40,43,2024-09-10
1076,3,7,9,33,36,37,2024-09-11
1075,1,23,24,35,44,45,2024-09-12
1074,1,6,20,27,28,41,2024-09-13
1073,6,18,28,30,32,38,2024-09-14
1072,16,18,20,23,32,43,2024-09-15
1071,1,2,11,21,30,35,2024-09-16
1070,3,6,14,22,30,41,2024-09-17
1069,1,10,18,22,28,31,2024-09-18
1068,4,7,19,26,33,35,2024-09-19
1067,7,10,19,23,28,33,2024-09-20
1066,6,11,16,19,21,32,2024-09-21
1065,3,18,19,23,32,45,2024-09-22
1064,3,6,9,18,22,35,2024-09-23
1063,3,6,22,23,24,38,2024-09-24
1062,20,31,32,40,41,45,2024-09-25
1061,4,24,27,35,37,45,2024-09-26
1060,3,10,24,33,38,45,2024-09-27
1059,7,10,22,25,34,40,2024-09-28
1058,11,23,25,30,32,40,2024-09-29
1057,8,13,19,27,40,45,2024-09-30
1056,13,20,24,32,36,45,2024-10-01
1055,4,7,12,14,22,33,2024-10-02
1054,14,19,27,28,30,45,2024-10-03
1053,22,26,29,30,34,45,2024-10-04
1052,5,17,26,27,35,38,2024-10-05
1051,21,26,30,32,33,35,2024-10-06
1050,6,12,31,35,38,43,2024-10-07
1049,3,5,13,20,21,37,2024-10-08
1048,6,12,17,21,32,39,2024-10-09
1047,2,20,33,40,42,44,2024-10-10
1046,7,16,25,29,35,36,2024-10-11
1045,6,14,15,19,21,41,2024-10-12
1044,12,17,20,26,28,36,2024-10-13
1043,3,5,12,22,26,31,2024-10-14
1042,5,14,15,23,34,43,2024-10-15
1041,6,7,9,11,17,18,2024-10-16
1040,8,16,26,29,31,36,2024-10-17
1039,2,3,6,19,36,39,2024-10-18
1038,7,16,24,27,37,44,2024-10-19
1037,2,14,15,22,27,33,2024-10-20
1036,2,5,22,32,34,45,2024-10-21
1035,9,14,34,35,41,42,2024-10-22
1034,26,31,32,33,38,40,2024-10-23
1033,3,11,15,20,35,44,2024-10-24
1032,1,6,12,19,36,42,2024-10-25
1031,6,7,22,32,35,36,2024-10-26
1030,2,5,11,17,24,29,2024-10-27
1029,12,30,32,37,39,41,2024-10-28
1028,5,7,12,13,18,35,2024-10-29
1027,14,16,27,35,39,45,2024-10-30
1026,5,12,13,31,32,41,2024-10-31
1025,8,9,20,25,29,33,2024-11-01
1024,9,18,20,22,38,44,2024-11-02
1023,10,14,16,18,29,35,2024-11-03
1022,5,6,11,29,42,45,2024-11-04
1021,12,15,17,24,29,45,2024-11-05
1020,12,27,29,38,41,45,2024-11-06
1019,1,4,13,17,34,39,2024-11-07
1018,3,19,21,25,37,45,2024-11-08
1017,12,18,22,23,30,34,2024-11-09
1016,15,26,28,34,41,42,2024-11-10
1015,14,23,31,33,37,40,2024-11-11
1014,3,11,14,18,26,27,2024-11-12
1013,21,22,26,34,36,41,2024-11-13
1012,5,11,18,20,35,45,2024-11-14
1011,1,9,12,26,35,38,2024-11-15
1010,9,12,15,25,34,36,2024-11-16
1009,15,23,29,34,40,44,2024-11-17
1008,9,11,30,31,41,44,2024-11-18
1007,8,11,16,19,21,25,2024-11-19
1006,8,11,15,16,17,37,2024-11-20
1005,8,13,18,24,27,29,2024-11-21
1004,7,15,30,37,39,44,2024-11-22
1003,1,4,29,39,43,45,2024-11-23
1002,17,25,33,35,38,45,2024-11-24
1001,6,10,12,14,20,42,2024-11-25
1000,2,8,19,22,32,42,2024-11-26
999,1,3,9,14,18,28,2024-11-27
998,13,17,18,20,42,45,2024-11-28
997,4,7,14,16,24,44,2024-11-29
996,6,11,15,24,32,39,2024-11-30
995,1,4,13,29,38,39,2024-12-01
994,1,3,8,24,27,35,2024-12-02
993,6,14,16,18,24,42,2024-12-03
992,12,20,26,33,44,45,2024-12-04
991,13,18,25,31,33,44,2024-12-05
990,2,4,25,26,36,37,2024-12-06
989,17,18,21,27,29,33,2024-12-07
988,2,13,20,30,31,41,2024-12-08
987,2,4,15,23,29,38,2024-12-09
986,7,10,16,28,41,42,2024-12-10
985,17,21,23,30,34,44,2024-12-11
984,3,10,23,35,36,37,2024-12-12
983,13,23,26,31,35,43,2024-12-13
982,5,7,13,20,21,44,2024-12-14
981,27,36,37,41,43,45,2024-12-15
980,3,13,16,23,24,35,2024-12-16
979,7,11,16,21,27,33,2024-12-17
978,1,7,15,32,34,42,2024-12-18
977,2,9,10,14,22,44,2024-12-19
976,4,12,14,25,35,37,2024-12-20
975,7,8,9,17,22,24,2024-12-21
974,1,2,11,16,39,44,2024-12-22
973,22,26,31,37,41,42,2024-12-23
972,3,6,17,23,37,39,2024-12-24
971,2,6,17,18,21,26,2024-12-25
970,9,11,16,21,28,36,2024-12-26
969,3,9,10,29,40,45,2024-12-27
968,2,5,12,14,24,39,2024-12-28
967,1,6,13,37,38,40,2024-12-29
966,1,21,25,29,34,37,2024-12-30
965,2,13,25,28,29,36,2024-12-31
964,6,21,36,38,39,43,2025-01-01
963,6,12,19,23,34,42,2025-01-02
962,1,18,28,31,34,43,2025-01-03
961,11,20,29,31,33,42,2025-01-04
960,2,18,24,30,32,45,2025-01-05
959,1,14,15,24,40,41,2025-01-06
958,2,9,10,16,35,37,2025-01-07
957,4,15,24,35,36,40,2025-01-08
956,10,11,20,21,25,41,2025-01-09
955,4,9,23,26,29,33,2025-01-10
954,1,9,26,28,30,41,2025-01-11
953,7,9,22,27,37,42,2025-01-12
952,4,12,22,24,33,41,2025-01-13
951,2,12,30,31,39,43,2025-01-14
950,3,4,15,22,28,40,2025-01-15
949,14,21,35,36,40,44,2025-01-16
948,13,18,30,31,38,41,2025-01-17
947,3,8,17,20,27,35,2025-01-18
946,9,18,19,30,34,40,2025-01-19
945,9,10,15,30,33,37,2025-01-20
944,2,13,16,19,32,33,2025-01-21
943,1,8,13,36,44,45,2025-01-22
942,10,12,18,35,42,43,2025-01-23
941,12,14,25,27,39,40,2025-01-24
940,3,15,20,22,24,41,2025-01-25
939,4,11,28,39,42,45,2025-01-26
938,4,8,10,16,31,36,2025-01-27
937,2,10,13,22,29,40,2025-01-28
936,7,11,13,17,18,29,2025-01-29
935,4,10,20,32,38,44,2025-01-30
934,1,3,30,33,36,39,2025-01-31
933,23,27,29,31,36,45,2025-02-01
932,1,6,15,36,37,38,2025-02-02
931,14,15,23,25,35,43,2025-02-03
930,8,21,25,38,39,44,2025-02-04
929,7,9,12,15,19,23,2025-02-05
928,3,4,10,20,28,44,2025-02-06
927,4,15,22,38,41,43,2025-02-07
926,10,16,18,20,25,31,2025-02-08
925,13,24,32,34,39,42,2025-02-09
924,3,11,34,42,43,44,2025-02-10
923,3,17,18,23,36,41,2025-02-11
922,2,6,13,17,27,43,2025-02-12
921,5,7,12,22,28,41,2025-02-13
920,2,3,26,33,34,43,2025-02-14
919,9,14,17,18,42,44,2025-02-15
918,7,11,12,31,33,38,2025-02-16
917,1,3,23,24,27,43,2025-02-17
916,6,21,22,32,35,36,2025-02-18
915,2,6,11,13,22,37,2025-02-19
914,16,19,24,33,42,44,2025-02-20
913,6,14,16,21,27,37,2025-02-21
912,5,8,18,21,22,38,2025-02-22
911,4,5,12,14,32,42,2025-02-23
910,1,11,17,27,35,39,2025-02-24
909,7,24,29,30,34,35,2025-02-25
908,3,16,21,22,23,44,2025-02-26
907,21,27,29,38,40,44,2025-02-27
906,2,5,14,28,31,32,2025-02-28
905,3,4,16,27,38,40,2025-03-01
904,2,6,8,26,43,45,2025-03-02
903,2,15,16,21,22,28,2025-03-03
902,7,19,23,24,36,39,2025-03-04
901,5,18,20,23,30,34,2025-03-05
900,7,13,16,18,35,38,2025-03-06
899,8,19,20,21,33,39,2025-03-07
898,18,21,28,35,37,42,2025-03-08
897,6,7,12,22,26,36,2025-03-09
896,5,12,25,26,38,45,2025-03-10
895,16,26,31,38,39,41,2025-03-11
894,19,32,37,40,41,43,2025-03-12
893,1,15,17,23,25,41,2025-03-13
892,4,9,17,18,26,42,2025-03-14
891,9,13,28,31,39,41,2025-03-15
890,1,4,14,18,29,37,2025-03-16
889,3,13,29,38,39,42,2025-03-17
888,3,7,12,31,34,38,2025-03-18
887,8,14,17,27,36,45,2025-03-19
886,19,23,28,37,42,45,2025-03-20
885,1,3,24,27,39,45,2025-03-21
884,4,14,23,28,37,45,2025-03-22
883,9,18,32,33,37,44,2025-03-23
882,18,34,39,43,44,45,2025-03-24
881,4,18,20,26,27,32,2025-03-25
880,7,17,19,23,24,45,2025-03-26
879,1,4,10,14,15,35,2025-03-27
878,2,6,11,16,25,31,2025-03-28
877,5,17,18,22,23,43,2025-03-29
876,5,16,21,26,34,42,2025-03-30
875,19,22,30,34,39,44,2025-03-31
874,1,15,19,23,28,42,2025-04-01
873,3,5,12,13,33,39,2025-04-02
872,2,4,30,32,33,43,2025-04-03
871,2,6,12,26,30,34,2025-04-04
870,21,25,30,32,40,42,2025-04-05
869,2,6,20,27,37,39,2025-04-06
868,12,17,28,41,43,44,2025-04-07
867,14,17,19,22,24,40,2025-04-08
866,9,15,29,34,37,39,2025-04-09
865,3,15,22,32,33,45,2025-04-10
864,3,7,10,13,25,36,2025-04-11
863,16,21,28,35,39,43,2025-04-12
862,10,34,38,40,42,43,2025-04-13
861,11,17,19,21,22,25,2025-04-14
860,4,8,18,25,27,32,2025-04-15
859,8,22,35,38,39,41,2025-04-16
858,9,13,32,38,39,43,2025-04-17
857,6,10,16,28,34,38,2025-04-18
856,10,24,40,41,43,44,2025-04-19
855,8,15,17,19,43,44,2025-04-20
854,20,25,31,32,36,43,2025-04-21
853,2,8,23,26,27,44,2025-04-22
852,11,17,28,30,33,35,2025-04-23
851,14,18,22,26,31,44,2025-04-24
850,16,20,24,28,36,39,2025-04-25
849,5,13,17,29,34,39,2025-04-26
848,1,2,16,22,38,39,2025-04-27
847,12,16,26,28,30,42,2025-04-28
846,5,18,30,41,43,45,2025-04-29
845,1,16,29,33,40,45,2025-04-30
844,7,8,13,15,33,45,2025-05-01
843,19,21,30,33,34,42,2025-05-02
842,14,26,32,36,39,42,2025-05-03
841,5,11,14,30,33,38,2025-05-04
840,2,4,11,28,29,43,2025-05-05
839,3,9,11,12,13,19,2025-05-06
838,9,14,17,33,36,38,2025-05-07
837,2,25,28,30,33,45,2025-05-08
836,1,9,11,14,26,28,2025-05-09
835,9,10,13,28,38,45,2025-05-10
834,6,8,18,35,42,43,2025-05-11
833,12,18,30,39,41,42,2025-05-12
832,13,14,19,26,40,43,2025-05-13
831,3,10,16,19,31,39,2025-05-14
830,5,6,16,18,37,38,2025-05-15
829,4,5,31,35,43,45,2025-05-16
828,4,7,13,29,31,39,2025-05-17
827,5,11,12,29,33,44,2025-05-18
826,13,16,24,25,33,36,2025-05-19
825,8,15,21,31,33,38,2025-05-20
824,7,9,24,29,34,38,2025-05-21
823,12,18,24,26,39,40,2025-05-22
822,9,18,20,24,27,36,2025-05-23
821,1,12,13,24,29,44,2025-05-24
820,10,21,22,30,35,42,2025-05-25
819,16,25,33,38,40,45,2025-05-26
818,14,15,25,28,29,30,2025-05-27
817,3,9,12,13,25,43,2025-05-28
816,12,18,19,29,31,39,2025-05-29
815,17,21,25,26,27,36,2025-05-30
814,2,21,28,38,42,45,2025-05-31
813,11,30,34,35,42,44,2025-06-01
812,1,3,12,14,16,43,2025-06-02
811,8,11,19,21,36,45,2025-06-03
810,5,10,13,21,39,43,2025-06-04
809,6,11,15,17,23,40,2025-06-05
808,15,21,31,32,41,43,2025-06-06
807,6,10,18,25,34,35,2025-06-07
806,14,20,23,31,37,38,2025-06-08
805,3,12,13,18,31,32,2025-06-09
804,1,10,13,26,32,36,2025-06-10
803,5,9,14,26,30,43,2025-06-11
802,10,11,12,18,24,42,2025-06-12
801,17,25,28,37,43,44,2025-06-13
800,1,4,10,12,28,45,2025-06-14
799,12,17,23,34,42,45,2025-06-15
798,2,10,14,22,32,36,2025-06-16
797,5,22,31,32,39,45,2025-06-17
796,1,21,26,36,40,41,2025-06-18
795,3,10,13,26,34,38,2025-06-19
794,6,7,18,19,30,38,2025-06-20
793,10,15,21,35,38,43,2025-06-21
792,2,7,19,25,29,36,2025-06-22
791,2,10,12,31,33,42,2025-06-23
790,3,8,19,27,30,41,2025-06-24
789,2,6,7,12,19,45,2025-06-25
788,2,10,11,19,35,39,2025-06-26
787,5,6,13,16,27,28,2025-06-27
786,12,15,16,20,24,30,2025-06-28
785,4,6,15,25,26,33,2025-06-29
784,3,10,23,24,31,39,2025-06-30
783,14,15,16,17,38,45,2025-07-01
782,6,18,31,34,38,45,2025-07-02
781,11,16,18,19,24,39,2025-07-03
780,15,17,19,21,27,45,2025-07-04
779,6,12,19,24,34,41,2025-07-05
778,6,21,35,36,37,41,2025-07-06
777,6,12,17,21,34,37,2025-07-07
776,8,9,18,21,28,40,2025-07-08
775,11,12,29,33,38,42,2025-07-09
774,12,15,18,28,34,42,2025-07-10
773,8,12,19,21,31,35,2025-07-11
772,5,6,11,14,21,41,2025-07-12
771,6,10,17,18,21,29,2025-07-13
770,1,9,12,23,39,43,2025-07-14
769,5,7,11,16,41,45,2025-07-15
768,7,27,29,30,38,44,2025-07-16
767,5,15,20,31,34,42,2025-07-17
766,9,30,34,35,39,41,2025-07-18
765,1,3,8,12,42,43,2025-07-19
764,7,22,24,31,34,36,2025-07-20
763,3,8,16,32,34,43,2025-07-21
762,1,3,12,21,26,41,2025-07-22
761,4,7,11,24,42,45,2025-07-23
760,10,22,27,31,42,43,2025-07-24
759,9,33,36,40,42,43,2025-07-25
758,5,9,12,30,39,43,2025-07-26
757,6,7,11,17,33,44,2025-07-27
756,10,14,16,18,27,28,2025-07-28
755,13,14,26,28,30,36,2025-07-29
754,2,8,17,24,29,31,2025-07-30
753,2,17,19,24,37,41,2025-07-31
752,4,16,20,33,40,43,2025-08-01
751,3,4,16,20,28,44,2025-08-02
750,1,2,15,19,24,36,2025-08-03
749,12,14,24,26,34,45,2025-08-04
748,3,10,13,22,31,32,2025-08-05
747,7,9,12,14,23,28,2025-08-06
746,3,12,33,36,42,45,2025-08-07
745,1,2,3,9,12,23,2025-08-08
744,10,15,18,21,34,41,2025-08-09
743,15,19,21,34,41,44,2025-08-10
742,8,10,13,36,37,40,2025-08-11
741,5,21,27,34,44,45,2025-08-12
740,4,8,9,16,17,19,2025-08-13
739,7,22,29,33,34,35,2025-08-14
738,23,27,28,38,42,43,2025-08-15
737,13,15,18,24,27,41,2025-08-16
736,2,11,17,18,21,27,2025-08-17
735,5,10,13,27,37,41,2025-08-18
734,6,16,37,38,41,45,2025-08-19
733,11,24,32,33,35,40,2025-08-20
732,2,4,5,17,27,32,2025-08-21
731,2,7,13,25,42,45,2025-08-22
730,4,10,14,15,18,22,2025-08-23
729,11,17,21,26,36,45,2025-08-24
728,3,6,10,30,34,37,2025-08-25
727,7,8,10,19,21,31,2025-08-26
726,1,11,21,23,34,44,2025-08-27
725,6,7,19,21,41,43,2025-08-28
724,2,8,33,35,37,41,2025-08-29
723,20,30,33,35,36,44,2025-08-30
722,12,14,21,30,39,43,2025-08-31
721,1,28,35,41,43,44,2025-09-01
720,1,12,29,34,36,37,2025-09-02
719,4,8,13,19,20,43,2025-09-03
718,4,11,20,23,32,39,2025-09-04
717,2,11,19,25,28,32,2025-09-05
716,2,6,13,16,29,30,2025-09-06
715,2,7,27,33,41,44,2025-09-07
714,1,7,22,33,37,40,2025-09-08
713,2,5,15,18,19,23,2025-09-09
712,17,20,30,31,33,45,2025-09-10
711,11,15,24,35,37,45,2025-09-11
710,3,4,9,24,25,33,2025-09-12
709,10,18,30,36,39,44,2025-09-13
708,2,10,16,19,34,45,2025-09-14
707,2,12,19,24,39,44,2025-09-15
706,3,4,6,10,28,30,2025-09-16
705,1,6,17,22,28,45,2025-09-17
704,1,4,8,23,33,42,2025-09-18
703,10,28,31,33,41,44,2025-09-19
702,3,13,16,24,26,29,2025-09-20
701,3,10,14,16,36,38,2025-09-21
700,11,23,28,29,30,44,2025-09-22
699,4,5,8,16,21,29,2025-09-23
698,3,11,13,21,33,37,2025-09-24
697,2,5,8,11,33,39,2025-09-25
696,1,7,16,18,34,38,2025-09-26
695,4,18,26,33,34,38,2025-09-27
694,7,15,20,25,33,43,2025-09-28
693,1,6,11,28,34,42,2025-09-29
692,3,11,14,15,32,36,2025-09-30
691,15,27,33,35,43,45,2025-10-01
690,24,25,33,34,38,39,2025-10-02
689,7,17,19,30,36,38,2025-10-03
688,5,15,22,23,34,35,2025-10-04
687,1,8,10,13,28,42,2025-10-05
686,7,12,15,24,25,43,2025-10-06
685,6,7,12,28,38,40,2025-10-07
684,1,11,15,17,25,39,2025-10-08
683,6,13,20,27,28,40,2025-10-09
682,17,23,27,35,38,43,2025-10-10
681,21,24,27,29,43,44,2025-10-11
680,4,10,19,29,32,42,2025-10-12
679,3,5,7,14,26,34,2025-10-13
678,4,5,6,12,25,37,2025-10-14
677,12,15,24,36,41,44,2025-10-15
676,1,8,17,34,39,45,2025-10-16
675,1,8,11,15,18,45,2025-10-17
674,9,10,14,25,27,31,2025-10-18
673,7,10,17,29,33,44,2025-10-19
672,8,21,28,31,36,45,2025-10-20
671,7,9,10,13,31,35,2025-10-21
670,11,18,26,27,40,41,2025-10-22
669,7,8,20,29,33,38,2025-10-23
668,12,14,15,24,27,32,2025-10-24
667,15,17,25,37,42,43,2025-10-25
666,2,4,6,11,17,28,2025-10-26
665,5,6,11,17,38,44,2025-10-27
664,10,20,33,36,41,44,2025-10-28
663,3,5,8,19,38,42,2025-10-29
662,5,6,9,11,15,37,2025-10-30
661,2,3,12,20,27,38,2025-10-31
660,4,9,23,33,39,44,2025-11-01
659,7,18,19,27,29,42,2025-11-02
658,8,19,25,28,32,36,2025-11-03
657,10,14,19,39,40,43,2025-11-04
656,3,7,14,16,31,40,2025-11-05
655,7,37,38,39,40,44,2025-11-06
654,16,21,26,31,36,43,2025-11-07
653,5,6,26,27,38,39,2025-11-08
652,3,13,15,40,41,44,2025-11-09
651,11,12,16,26,29,44,2025-11-10
650,3,4,7,11,31,41,2025-11-11
649,3,21,22,33,41,42,2025-11-12
648,13,19,28,37,38,43,2025-11-13
647,5,16,21,23,24,30,2025-11-14
646,2,9,24,41,43,45,2025-11-15
645,1,4,16,26,40,41,2025-11-16
644,5,13,17,23,28,36,2025-11-17
643,15,24,31,32,33,40,2025-11-18
642,8,17,18,24,39,45,2025-11-19
641,11,18,21,36,37,43,2025-11-20
640,14,15,18,21,26,35,2025-11-21
639,6,15,22,23,25,32,2025-11-22
638,7,18,22,24,31,34,2025-11-23
637,3,16,22,37,38,44,2025-11-24
636,6,7,15,16,20,31,2025-11-25
635,11,13,25,26,29,33,2025-11-26
634,4,10,11,12,20,27,2025-11-27
633,9,12,19,20,39,41,2025-11-28
632,15,18,21,32,35,44,2025-11-29
631,1,2,4,23,31,34,2025-11-30
630,8,17,21,24,27,31,2025-12-01
629,19,28,31,38,43,44,2025-12-02
628,1,7,12,15,23,42,2025-12-03
627,2,9,22,25,31,45,2025-12-04
626,13,14,26,33,40,43,2025-12-05
625,3,6,7,20,21,39,2025-12-06
624,1,7,19,26,27,35,2025-12-07
623,7,13,30,39,41,45,2025-12-08
622,9,15,16,21,28,34,2025-12-09
621,1,2,6,16,19,42,2025-12-10
620,2,16,17,32,39,45,2025-12-11
619,6,8,13,30,35,40,2025-12-12
618,8,16,25,30,42,43,2025-12-13
617,4,5,11,12,24,27,2025-12-14
616,5,13,18,23,40,45,2025-12-15
615,10,17,18,19,23,27,2025-12-16
614,8,21,25,39,40,44,2025-12-17
613,7,8,11,16,41,44,2025-12-18
612,6,9,18,19,25,33,2025-12-19
611,2,22,27,33,36,37,2025-12-20
610,14,18,20,23,28,36,2025-12-21
609,4,8,27,34,39,40,2025-12-22
608,4,8,18,19,39,44,2025-12-23
607,8,14,23,36,38,39,2025-12-24
606,1,5,6,14,20,39,2025-12-25
605,1,2,7,9,10,38,2025-12-26
604,2,6,18,21,33,34,2025-12-27
603,2,19,25,26,27,43,2025-12-28
602,13,14,22,27,30,38,2025-12-29
601,2,16,19,31,34,35,2025-12-30
600,5,11,14,27,29,36,2025-12-31
599,5,12,17,29,34,35,2026-01-01
598,4,12,24,33,38,45,2026-01-02
597,8,10,23,24,35,43,2026-01-03
596,3,4,12,14,25,43,2026-01-04
595,8,24,28,35,38,40,2026-01-05
594,2,8,13,25,28,37,2026-01-06
593,9,10,13,24,33,38,2026-01-07
592,2,5,6,13,28,44,2026-01-08
591,8,13,14,30,38,39,2026-01-09
590,20,30,36,38,41,45,2026-01-10
589,6,8,28,33,38,39,2026-01-11
588,2,8,15,22,25,41,2026-01-12
587,14,21,29,31,32,37,2026-01-13
586,2,7,12,15,21,34,2026-01-14
585,6,7,10,16,38,41,2026-01-15
584,7,18,30,39,40,41,2026-01-16
583,8,17,27,33,40,44,2026-01-17
582,2,12,14,33,40,41,2026-01-18
581,3,5,14,20,42,44,2026-01-19
580,5,7,9,11,32,35,2026-01-20
579,5,7,20,22,37,42,2026-01-21
578,5,12,14,32,34,42,2026-01-22
577,16,17,22,31,34,37,2026-01-23
576,10,11,15,25,35,41,2026-01-24
575,2,8,20,30,33,34,2026-01-25
574,14,15,16,19,25,43,2026-01-26
573,2,4,20,34,35,43,2026-01-27
572,3,13,18,33,37,45,2026-01-28
571,11,18,21,26,38,43,2026-01-29
570,1,12,26,27,29,33,2026-01-30
569,3,6,13,23,24,35,2026-01-31
568,1,3,17,20,31,44,2026-02-01
567,1,10,15,16,32,41,2026-02-02
566,4,5,6,25,26,43,2026-02-03
565,4,10,18,27,40,45,2026-02-04
564,14,19,25,26,27,34,2026-02-05
563,5,10,16,17,31,32,2026-02-06
562,4,11,13,17,20,31,2026-02-07
561,5,7,18,37,42,45,2026-02-08
560,1,4,20,23,29,45,2026-02-09
559,11,12,25,32,44,45,2026-02-10
558,12,15,19,26,40,43,2026-02-11
557,4,20,26,28,35,40,2026-02-12
556,12,20,23,28,30,44,2026-02-13
555,11,17,21,24,26,36,2026-02-14
554,13,14,17,32,41,42,2026-02-15
553,2,7,17,28,29,39,2026-02-16
552,1,10,20,32,35,40,2026-02-17
551,3,6,20,24,27,44,2026-02-18
550,1,7,14,20,34,37,2026-02-19
549,29,31,35,38,40,44,2026-02-20
548,1,12,13,21,32,45,2026-02-21
547,6,7,15,22,34,39,2026-02-22
546,8,17,20,27,37,43,2026-02-23
545,4,24,25,27,34,35,2026-02-24
544,5,17,21,25,36,44,2026-02-25
543,13,18,26,31,34,44,2026-02-26
542,5,6,19,26,41,45,2026-02-27
541,8,13,26,28,32,34,2026-02-28
540,3,12,13,15,34,36,2026-03-01
539,3,19,22,31,42,43,2026-03-02
538,6,10,18,31,32,34,2026-03-03
537,12,23,26,30,36,43,2026-03-04
536,7,8,18,32,37,43,2026-03-05
535,11,12,14,15,18,39,2026-03-06
534,10,24,26,29,37,38,2026-03-07
533,9,14,15,17,31,33,2026-03-08
532,16,17,23,24,29,44,2026-03-09
531,1,5,9,21,27,35,2026-03-10
530,16,23,27,29,33,41,2026-03-11
529,18,20,24,27,31,42,2026-03-12
528,5,17,25,31,39,40,2026-03-13
527,1,12,22,32,33,42,2026-03-14
526,7,14,17,20,35,39,2026-03-15
525,11,23,26,29,39,44,2026-03-16
524,10,11,29,38,41,45,2026-03-17
523,1,4,37,38,40,45,2026-03-18
522,4,5,13,14,37,41,2026-03-19
521,3,7,18,29,32,36,2026-03-20
520,4,22,27,28,38,40,2026-03-21
519,6,8,13,16,30,43,2026-03-22
518,14,23,30,32,34,38,2026-03-23
517,1,9,12,28,36,41,2026-03-24
516,2,8,23,41,43,44,2026-03-25
515,2,11,12,15,23,37,2026-03-26
514,1,15,20,26,35,42,2026-03-27
513,5,8,21,23,27,33,2026-03-28
512,4,5,9,13,26,27,2026-03-29
511,3,7,14,23,26,42,2026-03-30
510,12,29,32,33,39,40,2026-03-31
509,12,25,29,35,42,43,2026-04-01
508,5,27,31,34,35,43,2026-04-02
507,12,13,32,33,40,41,2026-04-03
506,6,9,11,22,24,30,2026-04-04
505,7,20,22,25,38,40,2026-04-05
504,6,14,22,26,43,44,2026-04-06
503,1,5,27,30,34,36,2026-04-07
502,6,22,28,32,34,40,2026-04-08
501,1,4,10,17,31,42,2026-04-09
500,3,4,12,20,24,34,2026-04-10
499,5,20,23,27,35,40,2026-04-11
498,13,14,24,32,39,41,2026-04-12
497,19,20,23,24,43,44,2026-04-13
496,4,13,20,29,36,41,2026-04-14
495,4,13,22,27,34,44,2026-04-15
494,5,7,8,15,30,43,2026-04-16
493,20,22,26,33,36,37,2026-04-17
492,22,27,31,35,37,40,2026-04-18
491,8,17,35,36,39,42,2026-04-19
490,2,7,26,29,40,43,2026-04-20
489,2,4,8,15,20,27,2026-04-21
488,2,8,17,30,31,38,2026-04-22
487,4,8,25,27,37,41,2026-04-23
486,1,2,23,25,38,40,2026-04-24
485,17,22,26,27,36,39,2026-04-25
484,1,3,27,28,32,45,2026-04-26
483,12,15,19,22,28,34,2026-04-27
482,1,10,16,24,25,35,2026-04-28
481,3,4,23,29,40,41,2026-04-29
480,3,5,10,17,30,31,2026-04-30
479,8,23,25,27,35,44,2026-05-01
478,18,29,30,37,39,43,2026-05-02
477,14,25,29,32,33,45,2026-05-03
476,9,12,13,15,37,38,2026-05-04
475,1,9,14,16,21,29,2026-05-05
474,4,13,18,31,33,45,2026-05-06
473,8,13,20,22,23,36,2026-05-07
472,16,25,26,31,36,43,2026-05-08
471,6,13,29,37,39,41,2026-05-09
470,10,16,20,39,41,42,2026-05-10
469,4,21,22,34,37,38,2026-05-11
468,8,13,15,28,37,43,2026-05-12
467,2,12,14,17,24,40,2026-05-13
466,4,10,13,23,32,44,2026-05-14
465,1,8,11,13,22,38,2026-05-15
464,6,12,15,34,42,44,2026-05-16
463,23,29,31,33,34,44,2026-05-17
462,3,20,24,32,37,45,2026-05-18
461,11,18,26,31,37,40,2026-05-19
460,8,11,28,30,43,45,2026-05-20
459,4,6,10,14,25,40,2026-05-21
458,4,9,10,32,36,40,2026-05-22
457,8,10,18,23,27,40,2026-05-23
456,1,7,12,18,23,27,2026-05-24
455,4,19,20,26,30,35,2026-05-25
454,13,25,27,34,38,41,2026-05-26
453,12,24,33,38,40,42,2026-05-27
452,8,10,18,30,32,34,2026-05-28
451,12,15,20,24,30,38,2026-05-29
450,6,14,19,21,23,31,2026-05-30
449,3,10,20,26,35,43,2026-05-31
448,3,7,13,27,40,41,2026-06-01
447,2,7,8,9,17,33,2026-06-02
446,1,11,12,14,26,35,2026-06-03
445,13,20,21,30,39,45,2026-06-04
444,11,13,23,35,43,45,2026-06-05
443,4,6,10,19,20,44,2026-06-06
442,25,27,29,36,38,40,2026-06-07
441,1,23,28,30,34,35,2026-06-08
440,10,22,28,34,36,44,2026-06-09
439,17,20,30,31,37,40,2026-06-10
438,6,12,20,26,29,38,2026-06-11
437,11,16,29,38,41,44,2026-06-12
436,9,14,20,22,33,34,2026-06-13
435,8,16,26,30,38,45,2026-06-14
434,3,13,20,24,33,37,2026-06-15
433,19,23,29,33,35,43,2026-06-16
432,2,3,5,11,27,39,2026-06-17
431,18,22,25,31,38,45,2026-06-18
430,1,3,16,18,30,34,2026-06-19
429,3,23,28,34,39,42,2026-06-20
428,12,16,19,22,37,40,2026-06-21
427,6,7,15,24,28,30,2026-06-22
426,4,17,18,27,39,43,2026-06-23
425,8,10,14,27,33,38,2026-06-24
424,10,11,26,31,34,44,2026-06-25
423,1,17,27,28,29,40,2026-06-26
422,8,15,19,21,34,44,2026-06-27
421,6,11,26,27,28,44,2026-06-28
420,4,9,10,29,31,34,2026-06-29
419,2,11,13,14,28,30,2026-06-30
418,11,13,15,26,28,34,2026-07-01
417,4,5,14,20,22,43,2026-07-02
416,5,6,8,11,22,26,2026-07-03
415,7,17,20,26,30,40,2026-07-04
414,2,14,15,22,23,44,2026-07-05
413,2,9,15,23,34,40,2026-07-06
412,4,7,39,41,42,45,2026-07-07
411,11,14,22,35,37,39,2026-07-08
410,1,3,18,32,40,41,2026-07-09
409,6,9,21,31,32,40,2026-07-10
408,9,20,21,22,30,37,2026-07-11
407,6,7,13,16,24,25,2026-07-12
406,7,12,21,24,27,36,2026-07-13
405,1,2,10,25,26,44,2026-07-14
404,5,20,21,24,33,40,2026-07-15
403,10,14,22,24,28,37,2026-07-16
402,5,9,15,19,22,36,2026-07-17
401,6,12,18,31,38,43,2026-07-18
400,9,21,27,34,41,43,2026-07-19
399,1,2,9,17,19,42,2026-07-20
398,10,15,20,23,42,44,2026-07-21
397,12,13,17,22,25,33,2026-07-22
396,18,20,31,34,40,45,2026-07-23
395,11,15,20,26,31,35,2026-07-24
394,1,13,20,22,25,28,2026-07-25
393,9,16,28,40,41,43,2026-07-26
392,1,3,7,8,24,42,2026-07-27
391,10,11,18,22,28,39,2026-07-28
390,16,17,28,37,39,40,2026-07-29
389,7,16,18,20,23,26,2026-07-30
388,1,8,9,17,29,32,2026-07-31
387,1,26,31,34,40,43,2026-08-01
386,4,7,10,19,31,40,2026-08-02
385,7,12,19,21,29,32,2026-08-03
384,11,22,24,32,36,38,2026-08-04
383,4,15,28,33,37,40,2026-08-05
382,10,15,22,24,27,42,2026-08-06
381,1,5,10,12,16,20,2026-08-07
380,1,2,8,17,26,37,2026-08-08
379,6,10,22,31,35,40,2026-08-09
378,5,22,29,31,34,39,2026-08-10
377,6,22,29,37,43,45,2026-08-11
376,1,11,13,24,28,40,2026-08-12
375,4,8,19,25,27,45,2026-08-13
374,11,13,15,17,25,34,2026-08-14
373,15,26,37,42,43,45,2026-08-15
372,8,11,14,16,18,21,2026-08-16
371,7,9,15,26,27,42,2026-08-17
370,16,18,24,42,44,45,2026-08-18
369,17,20,35,36,41,43,2026-08-19
368,11,21,24,30,39,45,2026-08-20
367,3,22,25,29,32,44,2026-08-21
366,5,12,19,26,27,44,2026-08-22
365,5,15,21,25,26,30,2026-08-23
364,2,5,7,14,16,40,2026-08-24
363,11,12,14,21,32,38,2026-08-25
362,2,3,22,27,30,40,2026-08-26
361,5,10,16,24,27,35,2026-08-27
360,4,16,23,25,35,40,2026-08-28
359,1,10,19,20,24,40,2026-08-29
358,1,9,10,12,21,40,2026-08-30
357,10,14,18,21,36,37,2026-08-31
356,2,8,14,25,29,45,2026-09-01
355,5,8,29,30,35,44,2026-09-02
354,14,19,36,43,44,45,2026-09-03
353,11,16,19,22,29,36,2026-09-04
352,5,16,17,20,26,41,2026-09-05
351,5,25,27,29,34,36,2026-09-06
350,1,8,18,24,29,33,2026-09-07
349,5,13,14,20,24,25,2026-09-08
348,3,14,17,20,24,31,2026-09-09
347,3,8,13,27,32,42,2026-09-10
346,5,13,14,22,44,45,2026-09-11
345,15,20,23,29,39,42,2026-09-12
344,1,2,15,28,34,45,2026-09-13
343,1,10,17,29,31,43,2026-09-14
342,1,13,14,33,34,43,2026-09-15
341,1,8,19,34,39,43,2026-09-16
340,18,24,26,29,34,38,2026-09-17
339,6,8,14,21,30,37,2026-09-18
338,2,13,34,38,42,45,2026-09-19
337,1,5,14,18,32,37,2026-09-20
336,3,5,20,34,35,44,2026-09-21
335,5,9,16,23,26,45,2026-09-22
334,13,15,21,29,39,43,2026-09-23
333,5,14,27,30,39,43,2026-09-24
332,16,17,34,36,42,45,2026-09-25
331,4,9,14,26,31,44,2026-09-26
330,3,4,16,17,19,20,2026-09-27
329,9,17,19,30,35,42,2026-09-28
328,1,6,9,16,17,28,2026-09-29
327,6,12,13,17,32,44,2026-09-30
326,16,23,25,33,36,39,2026-10-01
325,7,17,20,32,44,45,2026-10-02
324,2,4,21,25,33,36,2026-10-03
323,10,14,15,32,36,42,2026-10-04
322,9,18,29,32,38,43,2026-10-05
321,12,18,20,21,25,34,2026-10-06
320,16,19,23,25,41,45,2026-10-07
319,5,8,22,28,33,42,2026-10-08
318,2,17,19,20,34,45,2026-10-09
317,3,10,11,22,36,39,2026-10-10
316,10,11,21,27,31,39,2026-10-11
315,1,13,33,35,43,45,2026-10-12
314,15,17,19,34,38,41,2026-10-13
313,9,17,34,35,43,45,2026-10-14
312,2,3,5,6,12,20,2026-10-15
311,4,12,24,27,28,32,2026-10-16
310,1,5,19,28,34,41,2026-10-17
309,1,2,5,11,18,36,2026-10-18
308,14,15,17,19,37,45,2026-10-19
307,5,15,21,23,25,45,2026-10-20
306,4,18,23,30,34,41,2026-10-21
305,7,8,18,21,23,39,2026-10-22
304,4,10,16,26,33,41,2026-10-23
303,2,14,17,30,38,45,2026-10-24
302,13,19,20,32,38,42,2026-10-25
301,7,11,13,33,37,43,2026-10-26
300,7,9,10,12,26,38,2026-10-27
299,1,3,20,25,36,45,2026-10-28
298,5,9,27,29,37,40,2026-10-29
297,6,11,19,20,28,32,2026-10-30
296,3,8,15,27,30,45,2026-10-31
295,1,4,12,16,18,38,2026-11-01
294,6,10,17,30,37,38,2026-11-02
293,1,9,17,21,29,33,2026-11-03
292,17,18,31,32,33,34,2026-11-04
291,3,7,8,18,20,42,2026-11-05
290,8,13,18,32,39,45,2026-11-06
289,3,14,33,37,38,42,2026-11-07
288,1,12,17,28,35,41,2026-11-08
287,6,12,24,27,35,37,2026-11-09
286,1,15,19,40,42,44,2026-11-10
285,13,33,37,40,41,45,2026-11-11
284,2,7,15,24,30,45,2026-11-12
283,6,8,18,31,38,45,2026-11-13
282,2,5,10,18,31,32,2026-11-14
281,1,3,4,6,14,41,2026-11-15
280,10,11,23,24,36,37,2026-11-16
279,7,16,31,36,37,38,2026-11-17
278,3,11,37,39,41,43,2026-11-18
277,10,12,13,15,25,29,2026-11-19
276,4,15,21,33,39,41,2026-11-20
275,14,19,20,35,38,40,2026-11-21
274,13,14,15,26,35,39,2026-11-22
273,1,8,24,31,34,44,2026-11-23
272,7,9,12,27,39,43,2026-11-24
271,3,8,9,27,29,40,2026-11-25
270,5,9,12,20,21,26,2026-11-26
269,5,18,20,36,42,43,2026-11-27
268,3,10,19,24,32,45,2026-11-28
267,7,8,24,34,36,41,2026-11-29
266,3,4,9,11,22,42,2026-11-30
265,5,9,34,37,38,39,2026-12-01
264,9,16,27,36,41,44,2026-12-02
263,1,27,28,32,37,40,2026-12-03
262,9,12,24,25,29,31,2026-12-04
261,6,11,16,18,31,43,2026-12-05
260,7,12,15,24,37,40,2026-12-06
259,4,5,14,35,42,45,2026-12-07
258,14,27,30,31,38,40,2026-12-08
257,6,13,27,31,32,37,2026-12-09
256,4,11,14,21,23,43,2026-12-10
255,1,5,6,24,27,42,2026-12-11
254,1,5,19,20,24,30,2026-12-12
253,8,19,25,31,34,36,2026-12-13
252,14,23,26,31,39,45,2026-12-14
251,6,7,19,25,28,38,2026-12-15
250,19,23,30,37,43,45,2026-12-16
249,3,8,27,31,41,44,2026-12-17
248,3,8,17,23,38,45,2026-12-18
247,12,15,28,36,39,40,2026-12-19
246,13,18,21,23,26,39,2026-12-20
245,9,11,27,31,32,38,2026-12-21
244,13,16,25,36,37,38,2026-12-22
243,2,12,17,19,28,42,2026-12-23
242,4,19,20,21,32,34,2026-12-24
241,2,16,24,27,28,35,2026-12-25
240,6,10,16,40,41,43,2026-12-26
239,11,15,24,39,41,44,2026-12-27
238,2,4,15,28,31,34,2026-12-28
237,1,11,17,21,24,44,2026-12-29
236,1,4,8,13,37,39,2026-12-30
235,21,22,26,27,31,37,2026-12-31
234,13,21,22,24,26,37,2027-01-01
233,4,6,13,17,28,40,2027-01-02
232,8,9,10,12,24,44,2027-01-03
231,5,10,19,31,44,45,2027-01-04
230,5,11,14,29,32,33,2027-01-05
229,4,5,9,11,23,38,2027-01-06
228,17,25,35,36,39,44,2027-01-07
227,4,5,15,16,22,42,2027-01-08
226,2,6,8,14,21,22,2027-01-09
225,5,11,13,19,31,36,2027-01-10
224,4,19,26,27,30,42,2027-01-11
223,1,3,18,20,26,27,2027-01-12
222,5,7,28,29,39,43,2027-01-13
221,2,20,33,35,37,40,2027-01-14
220,5,11,19,21,34,43,2027-01-15
219,4,11,20,26,35,37,2027-01-16
218,1,8,14,18,29,44,2027-01-17
217,16,20,27,33,35,39,2027-01-18
216,7,16,17,33,36,40,2027-01-19
215,2,3,7,15,43,44,2027-01-20
214,5,7,20,25,28,37,2027-01-21
213,2,3,4,5,20,24,2027-01-22
212,11,12,18,21,31,38,2027-01-23
211,12,13,17,20,33,41,2027-01-24
210,10,19,22,23,25,37,2027-01-25
209,2,7,18,20,24,33,2027-01-26
208,14,25,31,34,40,44,2027-01-27
207,3,11,14,31,32,37,2027-01-28
206,1,2,3,15,20,25,2027-01-29
205,1,3,21,29,35,37,2027-01-30
204,3,12,14,35,40,45,2027-01-31
203,1,3,11,24,30,32,2027-02-01
202,12,14,27,33,39,44,2027-02-02
201,3,11,24,38,39,44,2027-02-03
200,5,6,13,14,17,20,2027-02-04
199,14,21,22,25,30,36,2027-02-05
198,12,19,20,25,41,45,2027-02-06
197,7,12,16,34,42,45,2027-02-07
196,35,36,37,41,44,45,2027-02-08
195,7,10,19,22,35,40,2027-02-09
194,15,20,23,26,39,44,2027-02-10
193,6,14,18,26,36,39,2027-02-11
192,4,8,11,18,37,45,2027-02-12
191,5,6,24,25,32,37,2027-02-13
190,8,14,18,30,31,44,2027-02-14
189,8,14,32,35,37,45,2027-02-15
188,19,24,27,30,31,34,2027-02-16
187,1,2,8,18,29,38,2027-02-17
186,4,10,14,19,21,45,2027-02-18
185,1,2,4,8,19,38,2027-02-19
184,1,2,6,16,20,33,2027-02-20
183,2,18,24,34,40,42,2027-02-21
182,13,15,27,29,34,40,2027-02-22
181,14,21,23,32,40,45,2027-02-23
180,2,15,20,21,29,34,2027-02-24
179,5,9,17,25,39,43,2027-02-25
178,1,5,11,12,18,23,2027-02-26
177,1,10,13,16,37,43,2027-02-27
176,4,17,30,32,33,34,2027-02-28
175,19,26,28,31,33,36,2027-03-01
174,13,14,18,22,35,39,2027-03-02
173,3,9,24,30,33,34,2027-03-03
172,4,19,21,24,26,41,2027-03-04
171,4,16,25,29,34,35,2027-03-05
170,2,11,13,15,31,42,2027-03-06
169,16,27,35,37,43,45,2027-03-07
168,3,10,31,40,42,43,2027-03-08
167,24,27,28,30,36,39,2027-03-09
166,9,12,27,36,39,45,2027-03-10
165,5,13,18,19,22,42,2027-03-11
164,6,9,10,11,39,41,2027-03-12
163,7,11,26,28,29,44,2027-03-13
162,1,5,21,25,38,41,2027-03-14
161,22,34,36,40,42,45,2027-03-15
160,3,7,8,34,39,41,2027-03-16
159,1,18,30,41,42,43,2027-03-17
158,4,9,13,18,21,34,2027-03-18
157,19,26,30,33,35,39,2027-03-19
156,5,18,28,30,42,45,2027-03-20
155,16,19,20,32,33,41,2027-03-21
154,6,19,21,35,40,45,2027-03-22
153,3,8,11,12,13,36,2027-03-23
152,1,5,13,26,29,34,2027-03-24
151,1,2,10,13,18,19,2027-03-25
150,2,18,25,28,37,39,2027-03-26
149,2,11,21,34,41,42,2027-03-27
148,21,25,33,34,35,36,2027-03-28
147,4,6,13,21,40,42,2027-03-29
146,2,19,27,35,41,42,2027-03-30
145,2,3,13,20,27,44,2027-03-31
144,4,15,17,26,36,37,2027-04-01
143,26,27,28,42,43,45,2027-04-02
142,12,16,30,34,40,44,2027-04-03
141,8,12,29,31,42,43,2027-04-04
140,3,13,17,18,19,28,2027-04-05
139,9,11,15,20,28,43,2027-04-06
138,10,11,27,28,37,39,2027-04-07
137,7,9,20,25,36,39,2027-04-08
136,2,16,30,36,41,42,2027-04-09
135,6,14,22,28,35,39,2027-04-10
134,3,12,20,23,31,35,2027-04-11
133,4,7,15,18,23,26,2027-04-12
132,3,17,23,34,41,45,2027-04-13
131,8,10,11,14,15,21,2027-04-14
130,7,19,24,27,42,45,2027-04-15
129,19,23,25,28,38,42,2027-04-16
128,12,30,34,36,37,45,2027-04-17
127,3,5,10,29,32,43,2027-04-18
126,7,20,22,27,40,43,2027-04-19
125,2,8,32,33,35,36,2027-04-20
124,4,16,23,25,29,42,2027-04-21
123,7,17,18,28,30,45,2027-04-22
122,1,11,16,17,36,40,2027-04-23
121,12,28,30,34,38,43,2027-04-24
120,4,6,10,11,32,37,2027-04-25
119,3,11,13,14,17,21,2027-04-26
118,3,4,10,17,19,22,2027-04-27
117,5,10,22,34,36,44,2027-04-28
116,2,4,25,31,34,37,2027-04-29
115,1,2,6,9,25,28,2027-04-30
114,11,14,19,26,28,41,2027-05-01
113,4,9,28,33,36,45,2027-05-02
112,26,29,30,33,41,42,2027-05-03
111,7,18,31,33,36,40,2027-05-04
110,7,20,22,23,29,43,2027-05-05
109,1,5,34,36,42,44,2027-05-06
108,7,18,22,23,29,44,2027-05-07
107,1,4,5,6,9,31,2027-05-08
106,4,10,12,22,24,33,2027-05-09
105,8,10,20,34,41,45,2027-05-10
104,17,32,33,34,42,44,2027-05-11
103,5,14,15,27,30,45,2027-05-12
102,17,22,24,26,35,40,2027-05-13
101,1,3,17,32,35,45,2027-05-14
100,1,7,11,23,37,42,2027-05-15
99,1,3,10,27,29,37,2027-05-16
98,6,9,16,23,24,32,2027-05-17
97,6,7,14,15,20,36,2027-05-18
96,1,3,8,21,22,31,2027-05-19
95,8,17,27,31,34,43,2027-05-20
94,5,32,34,40,41,45,2027-05-21
93,6,22,24,36,38,44,2027-05-22
92,3,14,24,33,35,36,2027-05-23
91,1,21,24,26,29,42,2027-05-24
90,17,20,29,35,38,44,2027-05-25
89,4,26,28,29,33,40,2027-05-26
88,1,17,20,24,30,41,2027-05-27
87,4,12,16,23,34,43,2027-05-28
86,2,12,37,39,41,45,2027-05-29
85,6,8,13,23,31,36,2027-05-30
84,16,23,27,34,42,45,2027-05-31
83,6,10,15,17,19,34,2027-06-01
82,1,2,3,14,27,42,2027-06-02
81,5,7,11,13,20,33,2027-06-03
80,17,18,24,25,26,30,2027-06-04
79,3,12,24,27,30,32,2027-06-05
78,10,13,25,29,33,35,2027-06-06
77,2,18,29,32,43,44,2027-06-07
76,1,3,15,22,25,37,2027-06-08
75,2,5,24,32,34,44,2027-06-09
74,6,15,17,18,35,40,2027-06-10
73,3,12,18,32,40,43,2027-06-11
72,2,4,11,17,26,27,2027-06-12
71,5,9,12,16,29,41,2027-06-13
70,5,19,22,25,28,43,2027-06-14
69,5,8,14,15,19,39,2027-06-15
68,10,12,15,16,26,39,2027-06-16
67,3,7,10,15,36,38,2027-06-17
66,2,3,7,17,22,24,2027-06-18
65,4,25,33,36,40,43,2027-06-19
64,14,15,18,21,26,36,2027-06-20
63,3,20,23,36,38,40,2027-06-21
62,3,8,15,27,29,35,2027-06-22
61,14,15,19,30,38,43,2027-06-23
60,2,8,25,36,39,42,2027-06-24
59,6,29,36,39,41,45,2027-06-25
58,10,24,25,33,40,44,2027-06-26
57,7,10,16,25,29,44,2027-06-27
56,10,14,30,31,33,37,2027-06-28
55,17,21,31,37,40,44,2027-06-29
54,1,8,21,27,36,39,2027-06-30
53,7,8,14,32,33,39,2027-07-01
52,2,4,15,16,20,29,2027-07-02
51,2,3,11,16,26,44,2027-07-03
50,2,10,12,15,22,44,2027-07-04
49,4,7,16,19,33,40,2027-07-05
48,6,10,18,26,37,38,2027-07-06
47,14,17,26,31,36,45,2027-07-07
46,8,13,15,23,31,38,2027-07-08
45,1,10,20,27,33,35,2027-07-09
44,3,11,21,30,38,45,2027-07-10
43,6,31,35,38,39,44,2027-07-11
42,17,18,19,21,23,32,2027-07-12
41,13,20,23,35,38,43,2027-07-13
40,7,13,18,19,25,26,2027-07-14
39,6,7,13,15,21,43,2027-07-15
38,16,17,22,30,37,43,2027-07-16
37,7,27,30,33,35,37,2027-07-17
36,1,10,23,26,28,40,2027-07-18
35,2,3,11,26,37,43,2027-07-19
34,9,26,35,37,40,42,2027-07-20
33,4,7,32,33,40,41,2027-07-21
32,6,14,19,25,34,44,2027-07-22
31,7,9,18,23,28,35,2027-07-23
30,8,17,20,35,36,44,2027-07-24
29,1,5,13,34,39,40,2027-07-25
28,9,18,23,25,35,37,2027-07-26
27,1,20,26,28,37,43,2027-07-27
26,4,5,7,18,20,25,2027-07-28
25,2,4,21,26,43,44,2027-07-29
24,7,8,27,29,36,43,2027-07-30
23,5,13,17,18,33,42,2027-07-31
22,4,5,6,8,17,39,2027-08-01
21,6,12,17,18,31,32,2027-08-02
20,10,14,18,20,23,30,2027-08-03
19,6,30,38,39,40,43,2027-08-04
18,3,12,13,19,32,35,2027-08-05
17,3,4,9,17,32,37,2027-08-06
16,6,7,24,37,38,40,2027-08-07
15,3,4,16,30,31,37,2027-08-08
14,2,6,12,31,33,40,2027-08-09
13,22,23,25,37,38,42,2027-08-10
12,2,11,21,25,39,45,2027-08-11
11,1,7,36,37,41,42,2027-08-12
10,9,25,30,33,41,44,2027-08-13
9,2,4,16,17,36,39,2027-08-14
8,8,19,25,34,37,39,2027-08-15
7,2,9,16,25,26,40,2027-08-16
6,14,15,26,27,40,42,2027-08-17
5,16,24,29,40,41,42,2027-08-18
4,14,27,30,31,40,42,2027-08-19
3,11,16,19,21,27,31,2027-08-20
2,9,13,21,25,32,42,2027-08-21
1,10,23,29,33,37,40,2027-08-22
